{"Function": 0.2301983517988105, "Object_Type": 0.3767337669434889, "Operating_Status": 0.17604704140009167, "Position_Type": 0.21400684640244078, "Pre_K": 0.16854484993480728, "Reporting": 0.3701935306624163, "Sharing": 0.4806175221214185, "Student_Type": 0.28148916380670513, "Use": 0.3049840409094727}