{"Function": 0.18381029245675215, "Object_Type": 0.1767483893181308, "Operating_Status": 0.44045025440946356, "Position_Type": 0.1440102000181701, "Pre_K": 0.30560131965580367, "Reporting": 0.5625786333094639, "Sharing": 0.23058234376702044, "Student_Type": 0.4918790614674071, "Use": 2.686110029018423}