{"Function": 0.26831351530628883, "Object_Type": 2.6317392260097945, "Operating_Status": 0.2097481580680103, "Position_Type": 0.3932253361166463, "Pre_K": 0.1892173416770578, "Reporting": 0.14214244610230797, "Sharing": 0.563543908566012, "Student_Type": 0.22320706113364697, "Use": 1.15466418557569}