{"Function": 0.20235726074366506, "Object_Type": 0.2084070009335452, "Operating_Status": 0.20732444779513906, "Position_Type": 0.14738533642239618, "Pre_K": 0.1738836264962506, "Reporting": 1.7706314793889721, "Sharing": 0.3757578466487278, "Student_Type": 0.7058452184809189, "Use": 0.2704541813227247}