{"Function": 0.5444172744127479, "Object_Type": 0.12562586497405154, "Operating_Status": 0.06815703676624803, "Position_Type": 0.32486287814541626, "Pre_K": 0.0456704909623151, "Reporting": 0.11312726754702154, "Sharing": 0.16476345311088206, "Student_Type": 0.1604987108904824, "Use": 0.2176736817876597}