{"Function": 0.20893736624555154, "Object_Type": 0.0559802555353085, "Operating_Status": 0.060882893733789065, "Position_Type": 0.07964425126465846, "Pre_K": 0.03725828551658394, "Reporting": 0.07329710876069019, "Sharing": 0.1294886757837233, "Student_Type": 0.10264402130957304, "Use": 0.14898147769912726}